../data/DWT_NEW/MVP/New_MVP_062.wav,-184.6825714111328,30.69683265686035,-47.443965911865234,-18.466018676757812,-28.065763473510742,-22.190763473510742,-23.653907775878906,-31.8902530670166,-28.652605056762695,-20.4201717376709,-6.1152663230896,6.026010513305664,-12.307538032531738,9.857247352600098,14.812361717224121,4.359221935272217,13.217288970947266,9.833121299743652,-3.228827714920044,5.311514854431152,-1.5965746641159058,-4.652921676635742,-4.2532148361206055,-8.267354965209961,2.3279495239257812,-9.806845664978027,-5.3246870040893555,-3.7211859226226807,0.6427602171897888,-0.9921777844429016,7.949823379516602,-3.2836525440216064,-0.4904478192329407,2.8191652297973633,1.9575037956237793,-0.050645437091588974,-3.873354911804199,-1.9873775243759155,1.896865725517273,-3.6360552310943604,0.4267176687717438,0.4639661908149719,0.6558104157447815,0.9108900427818298,1.0,0.789076566696167,0.6057082414627075,0.36661431193351746,0.36339089274406433,0.3506820499897003,0.4032154083251953,0.44611814618110657,0.0011169356293976307,0.0006894294638186693,0.0012157090241089463,0.0014630486257374287,0.0014515607617795467,0.001903620664961636,0.001368199591524899,0.0012094619451090693,0.0015545717906206846,0.0016746364999562502,0.0018556284485384822,0.001965518109500408,0.0024199436884373426,0.002465009456500411,0.002433606656268239,0.0022961122449487448,0.0024393717758357525,0.0025286718737334013,0.0025787653867155313,0.002880607731640339,0.002679402707144618,0.00256346189416945,0.0025487523525953293,0.002955215983092785,0.002802523784339428,0.002668132074177265,0.002856674138456583,0.0030142441391944885,0.0031242980621755123,0.0034210847225040197,0.003793761134147644,0.0038750169333070517,0.0038041218649595976,0.004960561171174049,0.010952136479318142,0.020761428400874138,0.034331340342760086,0.05041959509253502,0.06514731049537659,0.07185068726539612,0.06964407116174698,0.05647021159529686,0.0402800552546978,0.023622797802090645,0.014070662669837475,0.015180892311036587,0.012594175525009632,0.009681052528321743,0.006627038586884737,0.006491860840469599,0.006713944487273693,0.006415303330868483,0.006987615954130888,0.006689626257866621,0.004300249740481377,0.006531164050102234,0.0077783106826245785,0.007062057964503765,0.012620956636965275,0.016057191416621208,MVP
../data/DWT_NEW/MVP/New_MVP_109.wav,-140.6703338623047,49.03364944458008,-80.4526138305664,-23.343095779418945,-40.374839782714844,-18.91997718811035,-14.520101547241211,-10.975400924682617,-17.425537109375,-20.296377182006836,-7.542793273925781,-4.452888011932373,-7.906927585601807,0.5072889924049377,2.4353833198547363,-0.09368667751550674,2.402308940887451,6.170269966125488,-2.5626823902130127,-0.8079322576522827,3.380687713623047,0.744491696357727,4.068373203277588,-3.8856124877929688,-1.8104689121246338,5.362532138824463,-0.8068072199821472,0.42320457100868225,2.6752538681030273,-0.9765771627426147,0.608507513999939,-2.4715397357940674,-4.92118501663208,6.079942226409912,1.247819185256958,-4.733329772949219,-2.148542642593384,-2.316321611404419,-0.42066842317581177,-0.6951999664306641,0.3304294943809509,0.35861536860466003,0.39664092659950256,0.48028644919395447,0.49768906831741333,0.8339543342590332,0.8096826672554016,0.6084336042404175,0.5269531011581421,0.864443302154541,0.5094016790390015,0.49540194869041443,0.0011704220669344068,0.0014535613590851426,0.0018831950146704912,0.0013002216583117843,0.001115723978728056,0.0012864951277151704,0.0012729406589642167,0.0012529812520369887,0.0014976749662309885,0.0012730000307783484,0.0014887863071635365,0.002169766230508685,0.002008892595767975,0.001681027701124549,0.0020992024801671505,0.0025181614328175783,0.0025239235255867243,0.003109745215624571,0.002613489981740713,0.0030933027155697346,0.0023811645805835724,0.0022628712467849255,0.0023537303786724806,0.0027839099057018757,0.002844345523044467,0.003307816106826067,0.003263855818659067,0.0042151096276938915,0.006897506769746542,0.009493769146502018,0.011741381138563156,0.012865372002124786,0.013352053239941597,0.013811794109642506,0.015005228109657764,0.015775296837091446,0.019486337900161743,0.022734757512807846,0.022108672186732292,0.02296643890440464,0.021873967722058296,0.020223300904035568,0.02516741119325161,0.028296247124671936,0.030522968620061874,0.023611674085259438,0.021916799247264862,0.02414947934448719,0.03620126098394394,0.039754029363393784,0.05518069118261337,0.05880587548017502,0.050791509449481964,0.06713170558214188,0.06798533350229263,0.044733937829732895,0.05918988585472107,0.05811743065714836,0.03080460987985134,0.03188971430063248,MVP
../data/DWT_NEW/MVP/New_MVP_009.wav,-235.6367645263672,81.57159423828125,-47.158355712890625,-29.31973648071289,-33.30470657348633,-16.122846603393555,-28.397167205810547,-33.69643783569336,-41.598995208740234,-20.000734329223633,4.525849342346191,-2.282827854156494,-12.103629112243652,12.2298583984375,21.2823486328125,6.450350761413574,16.365657806396484,-9.82624340057373,-4.709923267364502,8.102612495422363,-6.399601936340332,0.221856027841568,-14.10118579864502,-5.6890482902526855,-4.330299377441406,-1.9649229049682617,3.472900390625,-4.717573165893555,-0.10478973388671875,2.970057964324951,0.5358568429946899,-0.7311949133872986,0.8551907539367676,-2.2081613540649414,-1.1693453788757324,2.583698034286499,-1.7489168643951416,3.761723041534424,1.5953974723815918,2.5112252235412598,0.1814788430929184,0.163648784160614,0.312982976436615,0.5820770859718323,0.8595083355903625,1.0,0.8324934244155884,0.4865400195121765,0.20310449600219727,0.15346060693264008,0.3990143835544586,0.43276795744895935,0.000929352012462914,0.0009772286284714937,0.0012799028772860765,0.0015965871280059218,0.001018276670947671,0.0009717013454064727,0.0015690859872847795,0.001467925263568759,0.0016363287577405572,0.0010602336842566729,0.0014050033641979098,0.0016507419059053063,0.0014491660986095667,0.0011679434683173895,0.001374012790620327,0.0013402493204921484,0.0016958737978711724,0.0017403612146154046,0.0017168807098641992,0.002161674201488495,0.001670420402660966,0.002000293228775263,0.0023985777515918016,0.00294731417670846,0.0031045470386743546,0.003042937722057104,0.003290090709924698,0.004009687341749668,0.004357083234935999,0.003959892317652702,0.004112091846764088,0.004743590485304594,0.005245747044682503,0.0065358346328139305,0.011540766805410385,0.02060684934258461,0.03570796176791191,0.05374252051115036,0.07721710950136185,0.0968775674700737,0.10880051553249359,0.10373519361019135,0.08671659976243973,0.05979549139738083,0.03846452757716179,0.023634668439626694,0.018833791837096214,0.016400502994656563,0.012927073054015636,0.01186798419803381,0.01617201790213585,0.019210034981369972,0.019005898386240005,0.01936391368508339,0.01914220117032528,0.015254815109074116,0.012824001722037792,0.020642463117837906,0.026728088036179543,0.022470852360129356,MVP
../data/DWT_NEW/MVP/New_MVP_177.wav,-115.63983154296875,33.731414794921875,-90.41471099853516,-15.802001953125,-24.575836181640625,-34.80379867553711,-13.526827812194824,-11.373127937316895,-6.279690265655518,-4.4852190017700195,-7.357130527496338,0.5511544942855835,0.9712679982185364,-1.407009243965149,2.842562675476074,1.0644683837890625,0.1626824140548706,1.1336017847061157,0.782931387424469,0.7322615385055542,1.0978977680206299,-0.9084026217460632,2.8423690795898438,1.6169322729110718,1.619089126586914,0.7487190961837769,-2.5957953929901123,-3.101113796234131,1.5313389301300049,-0.8830200433731079,-2.213986873626709,2.0576562881469727,-2.393873691558838,-0.23331014811992645,3.206083297729492,0.9035242199897766,-0.15643945336341858,-0.0661596804857254,-2.5240445137023926,-1.22517991065979,0.4396890699863434,0.5529221296310425,0.7209600210189819,0.7153211832046509,0.8349165916442871,0.8098584413528442,0.6384375095367432,0.5374523997306824,0.6209185123443604,0.5332222580909729,0.46116042137145996,0.4745050370693207,0.0021600699983537197,0.0018921911250799894,0.002576397731900215,0.0031206649728119373,0.00300552393309772,0.0031894315034151077,0.002383494982495904,0.001935933018103242,0.002373764757066965,0.002967385109513998,0.0037812436930835247,0.0028536957688629627,0.002049302915111184,0.0023053581826388836,0.0029548609163612127,0.0026808609254658222,0.0026977225206792355,0.0027942874003201723,0.0027669097762554884,0.0027140642050653696,0.0036990311928093433,0.003605922684073448,0.0033291454892605543,0.0037998203188180923,0.003936700988560915,0.0049178386107087135,0.004032872151583433,0.004573100712150335,0.004503089934587479,0.00528083136305213,0.007685262709856033,0.00981283187866211,0.006878857500851154,0.012166806496679783,0.016968609765172005,0.018659371882677078,0.025189241394400597,0.029776787385344505,0.0317353829741478,0.030033981427550316,0.03474406898021698,0.03843274712562561,0.03478286415338516,0.03471442312002182,0.05075038596987724,0.052622873336076736,0.04810932278633118,0.03993950039148331,0.04307065159082413,0.047352563589811325,0.035534895956516266,0.028198769316077232,0.028354590758681297,0.052464358508586884,0.038272082805633545,0.05253062769770622,0.06974450498819351,0.07302901893854141,0.06446024775505066,0.06780873984098434,MVP
../data/DWT_NEW/MVP/New_MVP_069.wav,-248.02816772460938,79.23625946044922,-62.04769515991211,-8.912145614624023,-27.781579971313477,-17.195796966552734,-21.197208404541016,-40.05831527709961,-45.70087814331055,-25.194604873657227,-5.653502941131592,1.6142905950546265,-3.963000535964966,-3.750985622406006,4.857158184051514,18.1122989654541,18.11262321472168,5.70970344543457,-7.870615005493164,-4.142620086669922,0.3227304518222809,0.16439181566238403,-5.889105319976807,-6.4637837409973145,-4.068012237548828,-2.812971830368042,-0.04225132614374161,-0.5172479152679443,-3.0315628051757812,1.6473437547683716,2.596768379211426,-3.815432071685791,1.81107759475708,-0.10359916090965271,-0.6873481273651123,-2.6089093685150146,-2.8475894927978516,-2.080491781234741,-0.1733361780643463,-0.161817267537117,0.14167621731758118,0.25731515884399414,0.49950817227363586,0.8121289610862732,1.0,0.9257148504257202,0.5929630994796753,0.2899131774902344,0.20501962304115295,0.49762967228889465,0.6975677013397217,0.32520031929016113,0.0013563883258029819,0.001058848574757576,0.0007380354800261557,0.0007668851176276803,0.0012314696796238422,0.001092817634344101,0.0012431342620402575,0.0010925731621682644,0.001194596872664988,0.0018150776159018278,0.0013826427748426795,0.0013641028199344873,0.0014813627349212766,0.0017744897631928325,0.0014527481980621815,0.001909466809593141,0.0018889450002461672,0.0016926656244322658,0.0019415620481595397,0.0017759256297722459,0.0020061556715518236,0.0018515337724238634,0.002035108394920826,0.0018029228085651994,0.002203134587034583,0.002299391897395253,0.0027201606426388025,0.0034316510427743196,0.003854410257190466,0.004422460682690144,0.005026824306696653,0.00580191146582365,0.00676388293504715,0.010855743661522865,0.01797802560031414,0.029777638614177704,0.04336584359407425,0.0644211620092392,0.07913803309202194,0.09468298405408859,0.09132380038499832,0.08230007439851761,0.057856861501932144,0.03393426910042763,0.017725713551044464,0.015501340851187706,0.016233175992965698,0.012334185652434826,0.0074567836709320545,0.007242653053253889,0.007400223985314369,0.0066436100751161575,0.005786672234535217,0.005233869422227144,0.0077273230999708176,0.013364091515541077,0.021845199167728424,0.029002325609326363,0.026458740234375,0.018888207152485847,MVP
../data/DWT_NEW/MVP/New_MVP_187.wav,-150.1858367919922,17.221435546875,-70.4717788696289,-37.359371185302734,-22.43644905090332,-12.644017219543457,-6.790421009063721,-2.6654837131500244,2.637294054031372,7.311481475830078,3.5504446029663086,6.296294689178467,7.109126567840576,0.5521577000617981,2.6833295822143555,-1.9297288656234741,-3.245929002761841,-0.3382554054260254,1.3852382898330688,2.9630279541015625,-1.0183683633804321,-7.8159308433532715,-2.6251230239868164,2.1310462951660156,-2.5101444721221924,0.6312662363052368,1.5626004934310913,-0.04500247910618782,-0.14371754229068756,1.1602660417556763,0.8293976783752441,1.6899404525756836,-0.9596350789070129,1.1520586013793945,-2.5058531761169434,0.9041085243225098,0.518242597579956,-4.374856948852539,1.9464436769485474,-0.5828830599784851,0.630116879940033,0.47724834084510803,0.41298094391822815,0.4612061679363251,0.40871700644493103,0.4940197765827179,0.5038427710533142,0.7672287821769714,0.49703356623649597,0.4718465805053711,0.6240582466125488,0.7579166889190674,0.002209672937169671,0.0032975978683680296,0.004464772064238787,0.004134837072342634,0.0030410420149564743,0.003846520557999611,0.0035075994674116373,0.0027233834844082594,0.0026065611746162176,0.0033855820074677467,0.003458453342318535,0.004297739360481501,0.0041576591320335865,0.003412257879972458,0.0032063873950392008,0.0030521322041749954,0.002807598328217864,0.003675435669720173,0.004167004022747278,0.005042639095336199,0.00456593930721283,0.003489757888019085,0.004212870728224516,0.003927421290427446,0.003999070730060339,0.003889048472046852,0.0032779343891888857,0.003157940926030278,0.003023460740223527,0.0035876219626516104,0.004315623547881842,0.004410821944475174,0.004252434242516756,0.0039789918810129166,0.003755735931918025,0.0046590594574809074,0.005900051910430193,0.008040654473006725,0.0096444608643651,0.011794529855251312,0.013557092286646366,0.018235940486192703,0.022552845999598503,0.02291303314268589,0.02497437410056591,0.03221987560391426,0.041620220988988876,0.04701678454875946,0.05224566534161568,0.05266718193888664,0.044233229011297226,0.031109994277358055,0.035656608641147614,0.04654852673411369,0.06646782904863358,0.07315535843372345,0.04010391607880592,0.03853973001241684,0.03739768639206886,0.03321679309010506,MVP
../data/DWT_NEW/MVP/New_MVP_028.wav,-276.7726745605469,70.81553649902344,-40.91047286987305,-31.27552604675293,-29.893400192260742,-16.87061882019043,-29.752527236938477,-34.747352600097656,-41.44412612915039,-17.913421630859375,5.182864665985107,1.0497856140136719,-9.433187484741211,12.311789512634277,17.98375129699707,10.785701751708984,20.124958038330078,-5.045750617980957,-5.063879013061523,9.681687355041504,-5.349069595336914,-3.615448236465454,-10.610443115234375,-1.7692012786865234,-0.8918697834014893,-5.037960529327393,0.5091965198516846,-4.558318138122559,0.5162909030914307,-0.34190672636032104,1.9062896966934204,-2.8707895278930664,-0.9057706594467163,-3.2703917026519775,-0.6407278180122375,1.8610326051712036,-0.13896679878234863,3.438016653060913,0.9247416853904724,0.9805046319961548,0.19732536375522614,0.181523859500885,0.33600887656211853,0.6097730994224548,0.9055003523826599,0.9990654587745667,0.8358993530273438,0.5026546120643616,0.23325848579406738,0.16734929382801056,0.3823608160018921,0.42418453097343445,0.0012452678056433797,0.0009695555781945586,0.0010156786302104592,0.0009582851198501885,0.0006494298577308655,0.0007724957540631294,0.0011074042413383722,0.0011220700107514858,0.0009501028689555824,0.001000616350211203,0.0010601348476484418,0.0011104430304840207,0.0008893798803910613,0.0011454722844064236,0.001564668957144022,0.0012946567730978131,0.0017156355315819383,0.0018912560772150755,0.0016916553722694516,0.001999892992898822,0.0018306958954781294,0.002130459062755108,0.0019381296588107944,0.002112062182277441,0.0018159860046580434,0.0016632169717922807,0.0016041697235777974,0.0020028671715408564,0.002376122400164604,0.0027000759728252888,0.0031381247099488974,0.0035305579658597708,0.0043298532254993916,0.006689759902656078,0.01141028106212616,0.018327441066503525,0.031134843826293945,0.04598729684948921,0.06553474068641663,0.08271999657154083,0.09368129074573517,0.09046072512865067,0.07593074440956116,0.054143596440553665,0.03429456055164337,0.021908503025770187,0.0163832139223814,0.01404965203255415,0.013149508275091648,0.014524182304739952,0.017292827367782593,0.019490592181682587,0.019759200513362885,0.017149265855550766,0.013276780024170876,0.011531636118888855,0.0125900749117136,0.0178424883633852,0.022334672510623932,0.021157078444957733,MVP
../data/DWT_NEW/MVP/New_MVP_007.wav,-263.27178955078125,77.96818542480469,-44.07947540283203,-32.09848403930664,-33.96733474731445,-17.677888870239258,-26.19081687927246,-39.6259651184082,-37.12074661254883,-15.54881477355957,3.5152804851531982,-5.028775215148926,-9.26435661315918,10.176936149597168,17.071290969848633,8.327753067016602,19.403783798217773,-9.877419471740723,-6.614124298095703,8.617490768432617,-7.4242753982543945,-2.30753755569458,-13.246763229370117,-6.103215217590332,-4.564631462097168,-1.7689282894134521,5.039062976837158,-3.6791610717773438,0.0756387710571289,1.5007116794586182,1.1980082988739014,-3.1302645206451416,2.339561700820923,-1.9639419317245483,0.46355167031288147,0.8203026056289673,1.6067924499511719,3.5634613037109375,0.4934994578361511,1.3785868883132935,0.24243898689746857,0.17997297644615173,0.2919805645942688,0.5192731022834778,0.8235923647880554,1.0,0.9005334973335266,0.5787187814712524,0.2683327794075012,0.15047729015350342,0.35632187128067017,0.4838785231113434,0.0005608891369774938,0.000704896985553205,0.000662575475871563,0.0006370952469296753,0.0006883378373458982,0.0010915955062955618,0.0008631757227703929,0.0007108281715773046,0.0008972467621788383,0.0009678100468590856,0.0011340522905811667,0.000925378582905978,0.0010201067198067904,0.0009043734753504395,0.0009720892412588,0.0011692749103531241,0.0011960206320509315,0.0010330177610740066,0.0011537668760865927,0.0015044508036226034,0.001712512457743287,0.001796181546524167,0.00189197959844023,0.002218747977167368,0.0022668831516057253,0.0027277555782347918,0.0026719695888459682,0.0024688318371772766,0.0029327450320124626,0.0026650673244148493,0.0028056236915290356,0.0025679871905595064,0.0032169315963983536,0.0031777445692569017,0.006810126360505819,0.01351813692599535,0.02343682199716568,0.03684442117810249,0.05347168445587158,0.06783369928598404,0.07608091086149216,0.07179524004459381,0.059195589274168015,0.04025258496403694,0.02365000918507576,0.01427073311060667,0.011209523305296898,0.010889308527112007,0.00941920094192028,0.00799556914716959,0.008430767804384232,0.008479953743517399,0.005488083232194185,0.0058454228565096855,0.008133163675665855,0.010411297902464867,0.013368683867156506,0.01808646321296692,0.02211691066622734,0.01757267862558365,MVP
../data/DWT_NEW/MVP/New_MVP_049.wav,-180.56069946289062,30.207494735717773,-44.21868133544922,-18.764671325683594,-30.217390060424805,-17.552492141723633,-18.680768966674805,-30.11542510986328,-32.13053894042969,-18.307886123657227,-1.3776137828826904,3.819316864013672,-9.760639190673828,9.666173934936523,12.518417358398438,2.484537363052368,14.674468040466309,7.9284467697143555,-3.0886080265045166,5.8021392822265625,-7.2713623046875,-5.6032185554504395,-4.65592622756958,-8.716468811035156,1.6849876642227173,-12.070311546325684,-5.375407695770264,-3.061149835586548,3.353257656097412,-3.3074591159820557,9.092629432678223,-0.9344920516014099,-1.329417109489441,3.7463464736938477,1.0994646549224854,2.991818428039551,-2.1359612941741943,0.1868417114019394,0.8004786968231201,1.161028504371643,0.4941112697124481,0.47800523042678833,0.6054806709289551,0.8704691529273987,0.9822267293930054,0.816114604473114,0.6323764324188232,0.4736001193523407,0.5106964707374573,0.4850715398788452,0.4968908429145813,0.5150323510169983,0.001803015940822661,0.0016808464424684644,0.0015513646649196744,0.000958066841121763,0.0012787034502252936,0.001978802727535367,0.0022995045874267817,0.0017920539248734713,0.0013538248604163527,0.001657832064665854,0.002185205928981304,0.001751150470227003,0.0016583524411544204,0.002577491570264101,0.002412745961919427,0.0016266286838799715,0.002573201432824135,0.0024043971206992865,0.0022132464218884706,0.002259968314319849,0.002508586272597313,0.003090401878580451,0.0029997003730386496,0.003531285561621189,0.0033774005714803934,0.003415863960981369,0.003980889450758696,0.003798761870712042,0.0037672140169888735,0.0032559602987021208,0.0036110281944274902,0.003226384287700057,0.00326721603050828,0.004849027842283249,0.010509409010410309,0.019878357648849487,0.03445037826895714,0.051468487828969955,0.06874414533376694,0.07710686326026917,0.07756014168262482,0.06087543070316315,0.045293163508176804,0.022004395723342896,0.015195365995168686,0.018847119063138962,0.017076877877116203,0.013378960080444813,0.010003386065363884,0.010540792718529701,0.00710268272086978,0.006033423822373152,0.008498970419168472,0.008257974870502949,0.003889751620590687,0.010165389627218246,0.014175960794091225,0.012641027569770813,0.014065876603126526,0.015767676755785942,MVP
../data/DWT_NEW/MVP/New_MVP_036.wav,-186.44659423828125,28.038251876831055,-44.75859069824219,-20.52373504638672,-27.862241744995117,-21.715681076049805,-23.036659240722656,-35.78435516357422,-30.938446044921875,-20.50041961669922,-2.514267683029175,2.9485013484954834,-11.417717933654785,7.367136001586914,14.64385986328125,4.784504413604736,13.454781532287598,8.757859230041504,-4.31580114364624,4.911310195922852,-5.099471569061279,-5.3829121589660645,-2.8045237064361572,-8.214238166809082,0.9668926000595093,-14.276302337646484,-6.072394847869873,-4.672571182250977,-0.04029853641986847,-4.839041233062744,8.234745025634766,-3.825685739517212,-1.6209582090377808,1.7948943376541138,1.1491494178771973,0.9649491906166077,-6.956010341644287,0.048855479806661606,0.02760414592921734,0.9736114144325256,0.44593575596809387,0.45775920152664185,0.5554565191268921,0.8539904952049255,1.0,0.8999917507171631,0.6241732835769653,0.3922528028488159,0.32652366161346436,0.3723237216472626,0.3948461413383484,0.47280919551849365,0.0007296006660908461,0.0011814822209998965,0.0013096043840050697,0.0011368987616151571,0.001415852690115571,0.0010512038134038448,0.0010857543675228953,0.001597295282408595,0.0015892856754362583,0.0011238167062401772,0.0015660299686715007,0.0020781236235052347,0.0019227050943300128,0.0015648693079128861,0.0023869662545621395,0.00205933372490108,0.001996137434616685,0.0025718745309859514,0.0022817833814769983,0.0028099678456783295,0.002643444575369358,0.00290039018727839,0.002594232326373458,0.0029196194373071194,0.002778305672109127,0.0028221053071320057,0.0026313546113669872,0.0026603846345096827,0.002936258912086487,0.003247949993237853,0.003379060421139002,0.004133705515414476,0.005504039581865072,0.008312616497278214,0.013845223002135754,0.022931242361664772,0.03559595346450806,0.054079774767160416,0.06924980878829956,0.08195241540670395,0.07700848579406738,0.06747833639383316,0.04075810685753822,0.025579623878002167,0.02089696191251278,0.024393355473876,0.021008340641856194,0.016066525131464005,0.011266297660768032,0.008593547157943249,0.0077425213530659676,0.007170179858803749,0.006272620055824518,0.006549231708049774,0.01004304364323616,0.013026394881308079,0.013464453630149364,0.013673198409378529,0.01797056384384632,0.022152520716190338,MVP
../data/DWT_NEW/MVP/New_MVP_162.wav,-260.4126892089844,86.25299835205078,-62.89692687988281,-58.26192092895508,-50.650901794433594,-49.498939514160156,-23.89007568359375,9.301828384399414,6.738803386688232,3.9590911865234375,10.262514114379883,2.6986122131347656,-4.647802829742432,-0.7461743950843811,-2.5397191047668457,-6.672171115875244,-2.6152329444885254,4.049429416656494,-1.548393726348877,-3.0633645057678223,-0.78843754529953,-1.7108550071716309,-1.8624895811080933,3.00113582611084,-0.5123392939567566,1.2548518180847168,1.2996464967727661,0.976318895816803,-1.1131571531295776,2.4834656715393066,0.8062112927436829,-1.0900046825408936,-0.1723819375038147,-0.6702766418457031,-0.4624853730201721,0.5639773011207581,-1.5603426694869995,0.14481881260871887,0.43551647663116455,1.7211236953735352,0.8171651363372803,0.9403752684593201,0.8252304792404175,0.7074678540229797,0.4214126467704773,0.20485273003578186,0.1498371660709381,0.12152769416570663,0.12370932102203369,0.16248780488967896,0.2530176341533661,0.5017588138580322,0.0011214833939448,0.0008304313523694873,0.000577847589738667,0.0006872614612802863,0.0010123752290382981,0.0011400911025702953,0.0010513815796002746,0.0006447579944506288,0.0006933280965313315,0.0005967286415398121,0.0008719965699128807,0.0008176321280188859,0.001207132008858025,0.0010806903010234237,0.0010761052835732698,0.000954773451667279,0.0010632677003741264,0.0009025711333379149,0.0008301904890686274,0.0009949262021109462,0.001285805250518024,0.001299872063100338,0.0012185045052319765,0.001303951838053763,0.0014305588556453586,0.0018103986512869596,0.0021905796602368355,0.0017895204946398735,0.0019401544705033302,0.0016745645552873611,0.00193558179307729,0.003091447986662388,0.002933777868747711,0.0034589339047670364,0.003273115260526538,0.0032930728048086166,0.0036160736344754696,0.004566339775919914,0.004376946482807398,0.005575675517320633,0.007673710584640503,0.011838015168905258,0.020609207451343536,0.029921729117631912,0.0360766239464283,0.054285574704408646,0.07964488863945007,0.09519407153129578,0.08914917707443237,0.08790485560894012,0.0810856968164444,0.08157074451446533,0.05134284123778343,0.03907230496406555,0.03673723340034485,0.03144928067922592,0.02209627628326416,0.018417632207274437,0.011016023345291615,0.007944049313664436,MVP
../data/DWT_NEW/MVP/New_MVP_026.wav,-261.7671813964844,76.63770294189453,-38.948753356933594,-28.906919479370117,-23.56037139892578,-14.348215103149414,-26.50446128845215,-38.292335510253906,-38.73793029785156,-15.027266502380371,2.8897900581359863,-3.2108702659606934,-11.423063278198242,8.491606712341309,13.722390174865723,7.730997085571289,16.019865036010742,-7.646554946899414,-6.011471748352051,6.532241344451904,-11.644745826721191,-1.2982834577560425,-15.091719627380371,-5.3293023109436035,-3.728344678878784,-3.1242692470550537,2.0168027877807617,-5.227233409881592,1.0334829092025757,-0.7199992537498474,0.39716818928718567,-2.10325026512146,-2.2031514644622803,-1.4820735454559326,-2.998410224914551,2.0392630100250244,0.770999550819397,2.0856101512908936,0.7201452851295471,0.102455735206604,0.2753567397594452,0.20067639648914337,0.3178631067276001,0.5577744841575623,0.8487365245819092,1.0,0.8813884854316711,0.5816619396209717,0.2920496165752411,0.17449301481246948,0.3824911117553711,0.5177004337310791,0.0009323511039838195,0.0006387903704307973,0.001029114704579115,0.0012808413011953235,0.001175076817162335,0.001114042242988944,0.0011026837164536119,0.0010537527268752456,0.0013855526922270656,0.001472920528613031,0.0013228232273831964,0.0017238069558516145,0.0020905393175780773,0.0021318017970770597,0.0018034985987469554,0.0021705569233745337,0.0022527314722537994,0.002285601804032922,0.0027838842943310738,0.0026767589151859283,0.0033528374042361975,0.003044999437406659,0.0030535520054399967,0.003127594944089651,0.0035720295272767544,0.0034454979468137026,0.004023248329758644,0.004205547738820314,0.0040576946921646595,0.004406624473631382,0.0047784047201275826,0.004966047592461109,0.005989198572933674,0.007915408350527287,0.01245613768696785,0.020770849660038948,0.03160648047924042,0.049144819378852844,0.06567290425300598,0.08399636298418045,0.08980169147253036,0.08927181363105774,0.07164333015680313,0.050700243562459946,0.02801104262471199,0.013889575377106667,0.010425389744341373,0.010385171510279179,0.01044564601033926,0.009954177774488926,0.009569591842591763,0.008747035637497902,0.007871154695749283,0.007052992004901171,0.006679024081677198,0.007886533625423908,0.010568637400865555,0.017233707010746002,0.021912313997745514,0.017327049747109413,MVP
../data/DWT_NEW/MVP/New_MVP_188.wav,-133.22116088867188,22.314212799072266,-73.30351257324219,-41.83411407470703,-28.309885025024414,-10.913105964660645,-7.466317653656006,-4.248560905456543,-1.4390900135040283,5.649270534515381,5.645114421844482,5.693200588226318,5.324139595031738,-1.8112109899520874,-0.7655893564224243,-2.920397996902466,-1.9129747152328491,1.2159241437911987,-1.0305734872817993,3.7633843421936035,0.8375310897827148,-7.781987190246582,-3.248873472213745,0.455629825592041,-0.4662047326564789,-1.7654564380645752,2.958986759185791,0.8045585751533508,-1.537133812904358,0.5202926397323608,1.041040301322937,1.9888280630111694,-1.5634260177612305,0.16557283699512482,-0.9421886205673218,-0.32296863198280334,1.7169033288955688,-2.6700124740600586,0.02362515963613987,-0.562484622001648,0.63498854637146,0.5078681707382202,0.4025384485721588,0.3936251401901245,0.3570091128349304,0.37630847096443176,0.4370628297328949,0.8307508230209351,0.5519784688949585,0.5181716680526733,0.631182074546814,0.7764601707458496,0.00352965178899467,0.002150575863197446,0.0020357759203761816,0.002743309596553445,0.004648710135370493,0.00474570831283927,0.004537171684205532,0.004460801370441914,0.003017537062987685,0.0026597115211188793,0.00299130380153656,0.003624214557930827,0.0037646691780537367,0.003939698915928602,0.004366077017039061,0.003574540140107274,0.00340627646073699,0.00442859623581171,0.004545670934021473,0.003165659261867404,0.0032501749228686094,0.004012527409940958,0.004597070626914501,0.00403930526226759,0.0044704643078148365,0.004050485324114561,0.004342998843640089,0.005655038170516491,0.006211829837411642,0.003931334242224693,0.003733163233846426,0.005105013959109783,0.005046118516474962,0.004833772778511047,0.006211418658494949,0.006149285472929478,0.006613067351281643,0.007749688811600208,0.010213455185294151,0.012741249985992908,0.015746887773275375,0.01802765391767025,0.02148738130927086,0.02610471285879612,0.03233775496482849,0.0413639061152935,0.05014680698513985,0.05530179291963577,0.060441743582487106,0.06527552008628845,0.052281610667705536,0.040534526109695435,0.03776094317436218,0.05567608028650284,0.05818786099553108,0.08343204855918884,0.046997684985399246,0.04051714390516281,0.05373569577932358,0.05640273168683052,MVP
../data/DWT_NEW/MVP/New_MVP_200.wav,-93.66805267333984,-18.816762924194336,-92.21183776855469,4.762936592102051,-39.11604690551758,-19.21135139465332,-17.548233032226562,-10.42054557800293,-8.453800201416016,-7.33047342300415,-3.9037394523620605,10.377366065979004,9.929393768310547,8.659493446350098,7.142518520355225,9.175835609436035,4.719046592712402,-0.5287494659423828,-3.9447104930877686,-3.0807366371154785,-6.420664310455322,-7.332094669342041,-4.207518577575684,-8.13569450378418,0.6628329157829285,-0.5290309190750122,0.7278990745544434,1.6004810333251953,1.7124179601669312,0.07990570366382599,2.3580760955810547,-1.7675577402114868,4.312272548675537,2.19892954826355,-2.3652541637420654,0.11030659824609756,2.5491089820861816,-3.1209232807159424,-1.4625064134597778,0.2781265377998352,0.5716042518615723,0.37342411279678345,0.5142279267311096,0.5501593351364136,0.6852164268493652,0.7232543230056763,0.5757063031196594,0.6885194778442383,0.6907394528388977,0.7352151274681091,0.5603867769241333,0.4658510088920593,0.00144789251498878,0.001460192957893014,0.002449425868690014,0.001968583557754755,0.0027888589538633823,0.002374578732997179,0.0019766483455896378,0.0020894024055451155,0.002151140244677663,0.0029398000333458185,0.0031967838294804096,0.003467293456196785,0.0032313589472323656,0.00294099235907197,0.0028411520179361105,0.002201380906626582,0.002688877284526825,0.002789030084386468,0.0030793030746281147,0.003473783377557993,0.004048566333949566,0.0034556351602077484,0.002648007357493043,0.002862419467419386,0.003302543191239238,0.00348197715356946,0.0033879228867590427,0.002589478390291333,0.002501048380509019,0.003083521034568548,0.0035037726629525423,0.0036677115131169558,0.004143026657402515,0.003416880266740918,0.0031133689917623997,0.004238084889948368,0.007175680249929428,0.013244753703474998,0.019261639565229416,0.028109068050980568,0.03610197454690933,0.03978058695793152,0.03703190013766289,0.03334537521004677,0.028571153059601784,0.023479050025343895,0.020599478855729103,0.020568644627928734,0.01916627399623394,0.021052006632089615,0.02372775785624981,0.022684883326292038,0.025287609547376633,0.02296486869454384,0.02107604220509529,0.020926740020513535,0.021566173061728477,0.03442711755633354,0.03856256231665611,0.02239067293703556,MVP
../data/DWT_NEW/MVP/New_MVP_070.wav,-254.96241760253906,80.47403717041016,-59.23432922363281,-10.966584205627441,-23.525789260864258,-14.420336723327637,-22.958105087280273,-37.89285659790039,-43.5701904296875,-27.801118850708008,-2.6762983798980713,3.7353286743164062,-3.887725830078125,-1.4679245948791504,9.694869041442871,16.90458869934082,14.60708999633789,7.590188980102539,-4.849532604217529,-4.777369976043701,-0.6142898797988892,0.1463783085346222,-5.119414806365967,-9.063582420349121,-5.396823406219482,-3.8116228580474854,-2.2105557918548584,1.9299870729446411,-2.7435717582702637,-2.356187105178833,1.3062981367111206,-2.6670339107513428,-2.127479314804077,-4.639288902282715,-0.5518049597740173,-2.161430597305298,-0.10045114159584045,0.27789878845214844,0.4470372498035431,-0.015961559489369392,0.21407999098300934,0.39446696639060974,0.6736070513725281,0.9500093460083008,1.0,0.76166170835495,0.4198247194290161,0.1931791752576828,0.34872886538505554,0.6702298521995544,0.41811811923980713,0.1602277010679245,0.0010467462707310915,0.0008495601359754801,0.0010008364915847778,0.0012232884764671326,0.0011092410422861576,0.001028135186061263,0.001430969568900764,0.0013170563615858555,0.0015142064075917006,0.0016577146016061306,0.0016291540814563632,0.0020358285401016474,0.002260403474792838,0.002260657725855708,0.0020042890682816505,0.0022679681424051523,0.0022942309733480215,0.002567262388765812,0.0026184243615716696,0.002595806261524558,0.002650484209880233,0.0026881194207817316,0.002525222022086382,0.0027495315298438072,0.0027454847004264593,0.002738778945058584,0.0029327182564884424,0.0031889325473457575,0.003200898878276348,0.003429779317229986,0.003304242854937911,0.004092630464583635,0.005763269495218992,0.009670698083937168,0.015665454789996147,0.02482893317937851,0.03650575131177902,0.04960092529654503,0.06107282638549805,0.06695325672626495,0.06448786705732346,0.05430885776877403,0.039395179599523544,0.02567930333316326,0.013957384042441845,0.007334655616432428,0.006054682657122612,0.005173897836357355,0.004244296345859766,0.002419303869828582,0.0018517575226724148,0.002235894789919257,0.002873631427064538,0.004395853728055954,0.0036206303630024195,0.004803587216883898,0.006995365489274263,0.01149126049131155,0.009256985038518906,0.006365060340613127,MVP
../data/DWT_NEW/MVP/New_MVP_118.wav,-155.52597045898438,19.722505569458008,-67.57096862792969,-38.39366912841797,-22.104833602905273,-13.427952766418457,-6.985159397125244,-2.686692237854004,0.0997459888458252,5.704015731811523,3.998216390609741,4.614555358886719,5.015278339385986,-0.5845041275024414,2.690913438796997,-2.5435197353363037,-0.26431453227996826,2.2444207668304443,-0.8557624816894531,2.5161497592926025,0.7824775576591492,-5.889536380767822,-1.7966960668563843,-0.07793115824460983,-1.1669751405715942,1.1022816896438599,1.8513654470443726,1.5147279500961304,-0.8271980881690979,2.4481966495513916,2.554755449295044,2.6748592853546143,0.4003913402557373,1.3963829278945923,-0.43984508514404297,-0.0009862184524536133,1.2988544702529907,-3.8381147384643555,2.002063035964966,0.8050119280815125,0.650113582611084,0.5921608805656433,0.5104367733001709,0.4713912904262543,0.42571404576301575,0.4547688663005829,0.5482304692268372,0.8302411437034607,0.6184746623039246,0.5114454627037048,0.6057860255241394,0.7619438767433167,0.0022041613701730967,0.003871661378070712,0.004115671385079622,0.0031122881919145584,0.0043421960435807705,0.005047206301242113,0.004651103168725967,0.002635275013744831,0.00243158801458776,0.004170178901404142,0.004063531756401062,0.003235817654058337,0.0023090080358088017,0.002237217267975211,0.0023094662465155125,0.0023826526012271643,0.003111702622845769,0.003567800158634782,0.002827983582392335,0.0026141006965190172,0.0033012910280376673,0.0040613384917378426,0.004508913028985262,0.004281466361135244,0.0032727671787142754,0.0034438036382198334,0.0034310081973671913,0.003702111542224884,0.004269893746823072,0.004468308761715889,0.004301698878407478,0.004116348456591368,0.003329906612634659,0.00504419906064868,0.004352171905338764,0.004310275427997112,0.0060333670116961,0.007389653939753771,0.00912906602025032,0.012494679540395737,0.013560629449784756,0.01590166613459587,0.018502699211239815,0.02034599706530571,0.025423891842365265,0.03301168605685234,0.03690898045897484,0.03736523538827896,0.04314498230814934,0.05170765146613121,0.04500589147210121,0.033106621354818344,0.021452555432915688,0.0364377535879612,0.05021276697516441,0.05899374186992645,0.03862684592604637,0.02592172473669052,0.029209546744823456,0.03311288729310036,MVP
../data/DWT_NEW/MVP/New_MVP_091.wav,-250.5049285888672,81.46802520751953,-62.07438659667969,-17.82574462890625,-32.11511993408203,-17.720821380615234,-17.618276596069336,-31.519458770751953,-39.31137466430664,-31.984071731567383,-6.061397075653076,1.5661579370498657,-2.1559598445892334,-0.2834227979183197,9.46726131439209,15.839374542236328,16.548067092895508,4.958740234375,-5.952186584472656,-5.044845104217529,-0.3314821124076843,-0.26459673047065735,-9.892040252685547,-8.500345230102539,-5.367935657501221,-2.558948516845703,-1.030948281288147,-2.50126051902771,-2.2887933254241943,-1.7536532878875732,0.04205348342657089,-1.8251819610595703,-2.111605644226074,-0.07269816100597382,-0.6382648944854736,-0.36258748173713684,-1.1350539922714233,2.0948243141174316,0.0898124948143959,1.6501628160476685,0.16672283411026,0.3316061198711395,0.5934551954269409,0.8598079085350037,1.0,0.8701296448707581,0.569585382938385,0.2890145182609558,0.2994637191295624,0.6087303757667542,0.530039370059967,0.18656159937381744,0.0005896847578696907,0.0005335584282875061,0.0008767735562287271,0.0009769885800778866,0.0008846964919939637,0.0007593374466523528,0.0009871665388345718,0.001111844670958817,0.0015568510862067342,0.0014022472314536572,0.0011344081722199917,0.0014713588170707226,0.0014696780126541853,0.0012182621285319328,0.0016075632302090526,0.001828472944907844,0.0018305849516764283,0.002118576318025589,0.0017421658849343657,0.0020916047506034374,0.0020079193636775017,0.0026147221215069294,0.0022150680888444185,0.002469445113092661,0.0025309501215815544,0.002834709594026208,0.0026869503781199455,0.002588181756436825,0.0030588023364543915,0.003767605172470212,0.0035080439411103725,0.004590850789099932,0.005735198967158794,0.008224669843912125,0.015022287145256996,0.023452244699001312,0.038082901388406754,0.05346658080816269,0.06992480903863907,0.07952738553285599,0.0812058374285698,0.06917817890644073,0.05281083285808563,0.030271492898464203,0.0170319564640522,0.008915678597986698,0.00837243814021349,0.008451725356280804,0.008931409567594528,0.008904890157282352,0.00811762735247612,0.00856379047036171,0.008502685464918613,0.007228872273117304,0.0068491920828819275,0.010813078843057156,0.018912438303232193,0.024438686668872833,0.022115016356110573,0.011751280166208744,MVP
../data/DWT_NEW/MVP/New_MVP_174.wav,-240.44503784179688,67.22624969482422,-81.2801284790039,-46.27119445800781,-52.14497375488281,-51.3248176574707,-21.196533203125,18.36002540588379,-0.012198607437312603,6.905455589294434,15.073150634765625,-1.0831677913665771,-9.794387817382812,-2.626063108444214,-5.425711631774902,-7.930119037628174,-1.4097551107406616,-0.5585526823997498,5.330647945404053,-1.6496906280517578,3.680158853530884,-2.2972474098205566,-1.557578206062317,-0.8284379839897156,0.03686632215976715,-2.474334955215454,1.4225172996520996,1.7043536901474,-1.9430241584777832,1.6245474815368652,-0.38789102435112,-1.6048285961151123,3.2233355045318604,1.469069242477417,-1.0313576459884644,-0.2136222869157791,0.04006992280483246,-0.15025509893894196,0.04854583740234375,1.8653382062911987,0.802617609500885,0.9958324432373047,0.7355509400367737,0.43663132190704346,0.23568037152290344,0.18185125291347504,0.1677303910255432,0.12965573370456696,0.0964379534125328,0.1337597668170929,0.2217678278684616,0.563562273979187,0.0006276316707953811,0.0006437715492211282,0.0005974003579467535,0.0007766010821796954,0.00113907759077847,0.0009676847257651389,0.0009711175807751715,0.0006470317021012306,0.0008037557709030807,0.0007985566626302898,0.0008923536515794694,0.0008517795358784497,0.0008875346975401044,0.0009760279208421707,0.0011089944746345282,0.0012331922771409154,0.001011098618619144,0.001003070268779993,0.0010056165046989918,0.0012925477931275964,0.0015488642966374755,0.0013156005879864097,0.001496386481449008,0.0012281157542020082,0.0013714295346289873,0.0015120572643354535,0.0014607190387323499,0.0014334107981994748,0.0018075928092002869,0.0020622005686163902,0.0016899514012038708,0.0021725879050791264,0.002275442937389016,0.0022473216522485018,0.0033086356706917286,0.003540962003171444,0.0038185613229870796,0.005733540281653404,0.00603979267179966,0.006650029215961695,0.008352227509021759,0.01000605896115303,0.014746170490980148,0.02012365311384201,0.031459465622901917,0.043917641043663025,0.05873730406165123,0.08713801205158234,0.10978152602910995,0.11032430082559586,0.08112785965204239,0.06734314560890198,0.04813466966152191,0.04598509520292282,0.029922446236014366,0.02950863353908062,0.01657717674970627,0.011846669018268585,0.01196419820189476,0.011210721917450428,MVP
../data/DWT_NEW/MVP/New_MVP_149.wav,-240.8319091796875,74.7542724609375,-76.64822387695312,-49.0902099609375,-50.179237365722656,-56.59942626953125,-21.50897216796875,11.423015594482422,4.746176719665527,5.810861110687256,13.454080581665039,2.100106954574585,-8.996776580810547,-0.7346957325935364,-6.115787506103516,-7.853911399841309,-1.7677628993988037,7.508444786071777,-3.720414638519287,-0.17731881141662598,3.525550365447998,-5.484078407287598,-0.5860433578491211,4.577842712402344,0.9850322008132935,2.2189695835113525,1.8109477758407593,-0.9811230301856995,-2.080496311187744,4.25440788269043,-2.120244026184082,1.2222542762756348,1.3362319469451904,-0.20192545652389526,-1.096412181854248,1.987479329109192,-1.0430458784103394,2.656475782394409,0.7073804140090942,1.218113660812378,0.9173384308815002,0.880974531173706,0.7706763744354248,0.45402151346206665,0.18322831392288208,0.1142941415309906,0.11517736315727234,0.10547801852226257,0.0980113223195076,0.16870082914829254,0.28212156891822815,0.5473589301109314,0.000520855188369751,0.00048129461356438696,0.0009571137488819659,0.0009768863674253225,0.0009585871011950076,0.001211415627039969,0.0008456060895696282,0.0008217075373977423,0.0009653160814195871,0.001204782398417592,0.000734673929400742,0.0005886677536182106,0.0004665099550038576,0.0005658464506268501,0.0006502157193608582,0.0006956746801733971,0.0007740167202427983,0.000871398369781673,0.0008575075771659613,0.0010651963530108333,0.001031470368616283,0.0009770873002707958,0.001530697220005095,0.001643153140321374,0.001541104051284492,0.0014948771568015218,0.0015220033237710595,0.0019045925000682473,0.0019538654014468193,0.002171930158510804,0.0024414341896772385,0.0030784481205046177,0.0034358168486505747,0.0032568236347287893,0.003631948959082365,0.003945487085729837,0.004508952144533396,0.006148258224129677,0.007673266343772411,0.008446071296930313,0.009378781542181969,0.014112716540694237,0.025486968457698822,0.03446298837661743,0.04665874317288399,0.06717967987060547,0.0818672925233841,0.09668576717376709,0.12202009558677673,0.12349572777748108,0.08886833488941193,0.08566629886627197,0.04244557023048401,0.03313380479812622,0.024436287581920624,0.01705521158874035,0.015543002635240555,0.010910382494330406,0.007416774518787861,0.006741444580256939,MVP
